Subject ID;MRI ID;Group;Visit;MR Delay;M/F;Hand;Age;EDUC;SES;MMSE;CDR;eTIV;nWBV;ASF
OAS2_0001;OAS2_0001_MR1;Nondemented;1;0;M;R;87;14;2;27;0;1987;0,483333333;0,613194444
OAS2_0001;OAS2_0001_MR2;Nondemented;2;457;M;R;88;14;2;30;0;2004;0,472916667;0,608333333
OAS2_0002;OAS2_0002_MR1;Demented;1;0;M;R;75;12;;23;0.05;1678;0,511111111;1.046
OAS2_0002;OAS2_0002_MR2;Demented;2;560;M;R;76;12;;28;0.05;1738;0,495138889;1.010
OAS2_0002;OAS2_0002_MR3;Demented;3;1895;M;R;80;12;;22;0.05;1698;0,486805556;1.034
OAS2_0004;OAS2_0004_MR1;Nondemented;1;0;F;R;88;18;3;28;0;1215;0,493055556;0,35
OAS2_0004;OAS2_0004_MR2;Nondemented;2;538;F;R;90;18;3;27;0;1200;0,498611111;0,3625
OAS2_0005;OAS2_0005_MR1;Nondemented;1;0;M;R;80;12;4;28;0;1689;0,494444444;1.039
OAS2_0005;OAS2_0005_MR2;Nondemented;2;1010;M;R;83;12;4;29;0.05;1701;0,49375;1.032
OAS2_0005;OAS2_0005_MR3;Nondemented;3;1603;M;R;85;12;4;30;0;1699;0,489583333;1.033
OAS2_0007;OAS2_0007_MR1;Demented;1;0;M;R;71;16;;28;0.05;1357;0,519444444;0,245138889
OAS2_0007;OAS2_0007_MR3;Demented;3;518;M;R;73;16;;27;1;1365;0,504861111;0,240277778
OAS2_0007;OAS2_0007_MR4;Demented;4;1281;M;R;75;16;;27;1;1372;0,493055556;0,235416667
OAS2_0008;OAS2_0008_MR1;Nondemented;1;0;F;R;93;14;2;30;0;1272;0,484722222;0,305555556
OAS2_0008;OAS2_0008_MR2;Nondemented;2;742;F;R;95;14;2;29;0;1257;0,488194444;0,316666667
OAS2_0009;OAS2_0009_MR1;Demented;1;0;M;R;68;12;2;27;0.05;1457;0,559722222;0,184027778
OAS2_0009;OAS2_0009_MR2;Demented;2;576;M;R;69;12;2;24;0.05;1480;0,549305556;0,170833333
OAS2_0010;OAS2_0010_MR1;Demented;1;0;F;R;66;12;3;30;0.05;1447;0,534027778;0,189583333
OAS2_0010;OAS2_0010_MR2;Demented;2;854;F;R;68;12;3;29;0.05;1482;0,522222222;0,169444444
OAS2_0012;OAS2_0012_MR1;Nondemented;1;0;F;R;78;16;2;29;0;1333;0,519444444;0,261111111
OAS2_0012;OAS2_0012_MR2;Nondemented;2;730;F;R;80;16;2;29;0;1323;0,5125;0,268055556
OAS2_0012;OAS2_0012_MR3;Nondemented;3;1598;F;R;83;16;2;29;0;1323;0,498611111;0,26875
OAS2_0013;OAS2_0013_MR1;Nondemented;1;0;F;R;81;12;4;30;0;1230;0,496527778;0,338194444
OAS2_0013;OAS2_0013_MR2;Nondemented;2;643;F;R;82;12;4;30;0;1212;0,5;0,352777778
OAS2_0013;OAS2_0013_MR3;Nondemented;3;1456;F;R;85;12;4;29;0;1225;0,493055556;0,342361111
OAS2_0014;OAS2_0014_MR1;Demented;1;0;M;R;76;16;3;21;0.05;1602;0,484027778;1.096
OAS2_0014;OAS2_0014_MR2;Demented;2;504;M;R;77;16;3;16;1;1590;0,483333333;0,113888889
OAS2_0016;OAS2_0016_MR1;Demented;1;0;M;R;88;8;4;25;0.05;1651;0,458333333;1.063
OAS2_0016;OAS2_0016_MR2;Demented;2;707;M;R;90;8;4;23;0.05;1668;0,448611111;1.052
OAS2_0017;OAS2_0017_MR1;Nondemented;1;0;M;R;80;12;3;29;0;1783;0,522222222;0,684027778
OAS2_0017;OAS2_0017_MR3;Nondemented;3;617;M;R;81;12;3;27;0.05;1814;0,527083333;0,672222222
OAS2_0017;OAS2_0017_MR4;Nondemented;4;1861;M;R;85;12;3;30;0;1820;0,524305556;0,669444444
OAS2_0017;OAS2_0017_MR5;Nondemented;5;2400;M;R;86;12;3;27;0;1813;0,528472222;0,672222222
OAS2_0018;OAS2_0018_MR1;Converted;1;0;F;R;87;14;1;30;0;1406;0,496527778;0,213888889
OAS2_0018;OAS2_0018_MR3;Converted;3;489;F;R;88;14;1;29;0;1398;0,495138889;0,21875
OAS2_0018;OAS2_0018_MR4;Converted;4;1933;F;R;92;14;1;27;0.05;1423;0,483333333;0,204166667
OAS2_0020;OAS2_0020_MR1;Converted;1;0;M;R;80;20;1;29;0;1587;0,48125;0,115277778
OAS2_0020;OAS2_0020_MR2;Converted;2;756;M;R;82;20;1;28;0.05;1606;0,470138889;1.093
OAS2_0020;OAS2_0020_MR3;Converted;3;1563;M;R;84;20;1;26;0.05;1597;0,4625;1.099
OAS2_0021;OAS2_0021_MR1;Demented;1;0;M;R;72;20;1;26;0.05;1911;0,499305556;0,638194444
OAS2_0021;OAS2_0021_MR2;Demented;2;1164;M;R;76;20;1;25;0.05;1926;0,511111111;0,632638889
OAS2_0022;OAS2_0022_MR1;Nondemented;1;0;F;R;61;16;3;30;0;1313;0,559027778;0,275694444
OAS2_0022;OAS2_0022_MR2;Nondemented;2;828;F;R;64;16;3;29;0;1316;0,552777778;0,272916667
OAS2_0023;OAS2_0023_MR1;Demented;1;0;F;R;86;12;4;21;0.05;1247;0,459722222;0,324305556
OAS2_0023;OAS2_0023_MR2;Demented;2;578;F;R;87;12;4;21;0.05;1250;0,452777778;0,322916667
OAS2_0026;OAS2_0026_MR1;Demented;1;0;M;R;82;12;3;27;0.05;1420;0,495138889;0,205555556
OAS2_0026;OAS2_0026_MR2;Demented;2;673;M;R;84;12;3;27;0.05;1445;0,482638889;0,190277778
OAS2_0027;OAS2_0027_MR1;Nondemented;1;0;F;R;69;12;3;29;0;1365;0,54375;0,240277778
OAS2_0027;OAS2_0027_MR2;Nondemented;2;609;F;R;71;12;3;30;0;1360;0,543055556;0,24375
OAS2_0027;OAS2_0027_MR3;Nondemented;3;1234;F;R;73;12;3;30;0;1358;0,538194444;0,245138889
OAS2_0027;OAS2_0027_MR4;Nondemented;4;1779;F;R;74;12;3;30;0;1353;0,536111111;0,247916667
OAS2_0028;OAS2_0028_MR1;Demented;1;0;M;R;64;18;2;22;0.05;1547;0,511805556;0,134722222
OAS2_0028;OAS2_0028_MR2;Demented;2;610;M;R;66;18;2;21;1;1562;0,497916667;0,127777778
OAS2_0029;OAS2_0029_MR1;Nondemented;1;0;F;R;77;12;4;29;0;1377;0,509722222;0,232638889
OAS2_0029;OAS2_0029_MR2;Nondemented;2;1099;F;R;80;12;4;30;0;1390;0,510416667;0,224305556
OAS2_0030;OAS2_0030_MR1;Nondemented;1;0;F;R;60;18;1;30;0;1402;0,570833333;0,216666667
OAS2_0030;OAS2_0030_MR2;Nondemented;2;932;F;R;62;18;1;30;0;1392;0,567361111;0,222916667
OAS2_0031;OAS2_0031_MR1;Converted;1;0;F;R;86;12;3;30;0;1430;0,498611111;0,199305556
OAS2_0031;OAS2_0031_MR2;Converted;2;446;F;R;88;12;3;30;0;1445;0,499305556;0,190972222
OAS2_0031;OAS2_0031_MR3;Converted;3;1588;F;R;91;12;3;28;0.05;1463;0,483333333;0,179861111
OAS2_0032;OAS2_0032_MR1;Demented;1;0;M;R;90;12;3;21;0.05;1307;0,471527778;0,279166667
OAS2_0032;OAS2_0032_MR2;Demented;2;642;M;R;92;12;3;24;0.05;1311;0,469444444;0,277083333
OAS2_0034;OAS2_0034_MR1;Nondemented;1;0;F;R;79;16;1;29;0;1466;0,488194444;0,178472222
OAS2_0034;OAS2_0034_MR2;Nondemented;2;489;F;R;80;16;1;30;0;1450;0,484722222;0,1875
OAS2_0034;OAS2_0034_MR3;Nondemented;3;1287;F;R;82;16;1;30;0;1460;0,482638889;0,181944444
OAS2_0034;OAS2_0034_MR4;Nondemented;4;1884;F;R;84;16;1;30;0;1453;0,475;0,186111111
OAS2_0035;OAS2_0035_MR1;Nondemented;1;0;F;R;88;12;4;30;0;1336;0,5125;0,259027778
OAS2_0035;OAS2_0035_MR2;Nondemented;2;405;F;R;89;12;4;27;0;1329;0,509027778;0,263888889
OAS2_0036;OAS2_0036_MR1;Nondemented;1;0;F;R;69;13;4;30;0;1359;0,547916667;0,24375
OAS2_0036;OAS2_0036_MR3;Nondemented;3;713;F;R;70;13;4;30;0;1361;0,54375;0,243055556
OAS2_0036;OAS2_0036_MR4;Nondemented;4;1770;F;R;73;13;4;30;0;1360;0,536805556;0,24375
OAS2_0036;OAS2_0036_MR5;Nondemented;5;2369;F;R;75;13;4;29;0;1349;0,540277778;0,250694444
OAS2_0037;OAS2_0037_MR1;Demented;1;0;M;R;82;12;4;27;0.05;1477;0,50625;0,172222222
OAS2_0037;OAS2_0037_MR2;Demented;2;1123;M;R;85;12;4;29;0.05;1487;0,497916667;0,166666667
OAS2_0037;OAS2_0037_MR3;Demented;3;2029;M;R;88;12;4;26;0.05;1483;0,492361111;0,169444444
OAS2_0037;OAS2_0037_MR4;Demented;4;2508;M;R;89;12;4;26;0.05;1485;0,490277778;0,167361111
OAS2_0039;OAS2_0039_MR1;Demented;1;0;F;R;81;18;2;26;0.05;1174;0,515277778;0,385416667
OAS2_0039;OAS2_0039_MR2;Demented;2;486;F;R;83;18;2;25;0.05;1179;0,509027778;0,380555556
OAS2_0040;OAS2_0040_MR1;Demented;1;0;M;R;84;6;4;25;0.05;1310;0,504861111;0,277083333
OAS2_0040;OAS2_0040_MR2;Demented;2;567;M;R;86;6;4;27;0.05;1320;0,502777778;0,270138889
OAS2_0040;OAS2_0040_MR3;Demented;3;1204;M;R;88;6;4;23;0.05;1348;0,495138889;0,251388889
OAS2_0041;OAS2_0041_MR1;Converted;1;0;F;R;71;16;1;27;0;1289;0,535416667;0,293055556
OAS2_0041;OAS2_0041_MR2;Converted;2;756;F;R;73;16;1;28;0;1295;0,533333333;0,288888889
OAS2_0041;OAS2_0041_MR3;Converted;3;1331;F;R;75;16;1;28;0.05;1314;0,527777778;0,274305556
OAS2_0042;OAS2_0042_MR1;Nondemented;1;0;F;R;70;17;3;29;0;1640;0,531944444;1.070
OAS2_0042;OAS2_0042_MR2;Nondemented;2;1008;F;R;73;17;3;29;0;1665;0,519444444;1.054
OAS2_0043;OAS2_0043_MR1;Demented;1;0;F;R;72;12;4;26;0.05;1453;0,539583333;0,186111111
OAS2_0043;OAS2_0043_MR2;Demented;2;491;F;R;73;12;4;26;0.05;1451;0,525694444;0,1875
OAS2_0044;OAS2_0044_MR1;Demented;1;0;M;R;68;14;4;21;1;1333;0,475694444;0,261805556
OAS2_0044;OAS2_0044_MR2;Demented;2;352;M;R;69;14;4;15;1;1331;0,470833333;0,2625
OAS2_0044;OAS2_0044_MR3;Demented;3;866;M;R;71;14;4;22;1;1332;0,471527778;0,261805556
OAS2_0045;OAS2_0045_MR1;Nondemented;1;0;F;R;75;18;1;30;0;1317;0,511805556;0,272222222
OAS2_0045;OAS2_0045_MR2;Nondemented;2;689;F;R;77;18;1;29;0;1322;0,507638889;0,26875
OAS2_0046;OAS2_0046_MR1;Demented;1;0;F;R;83;15;2;20;0.05;1476;0,520833333;0,172916667
OAS2_0046;OAS2_0046_MR2;Demented;2;575;F;R;85;15;2;22;1;1483;0,519444444;0,16875
OAS2_0047;OAS2_0047_MR1;Nondemented;1;0;F;R;77;16;2;29;0;1433;0,502083333;0,197916667
OAS2_0047;OAS2_0047_MR2;Nondemented;2;486;F;R;78;16;2;27;0;1414;0,504861111;0,209722222
OAS2_0048;OAS2_0048_MR1;Demented;1;0;M;R;66;16;1;19;1;1695;0,49375;1.036
OAS2_0048;OAS2_0048_MR2;Demented;2;248;M;R;66;16;1;21;1;1708;0,488194444;1.028
OAS2_0048;OAS2_0048_MR3;Demented;3;647;M;R;68;16;1;19;1;1712;0,479861111;1.025
OAS2_0048;OAS2_0048_MR4;Demented;4;970;M;R;68;16;1;7;1;1714;0,473611111;1.024
OAS2_0048;OAS2_0048_MR5;Demented;5;1233;M;R;69;16;1;4;1;1701;0,469444444;1.032
OAS2_0049;OAS2_0049_MR1;Nondemented;1;0;F;R;69;16;3;30;0;1491;0,551388889;0,164583333
OAS2_0049;OAS2_0049_MR2;Nondemented;2;395;F;R;70;16;3;30;0;1505;0,549305556;0,156944444
OAS2_0049;OAS2_0049_MR3;Nondemented;3;687;F;R;71;16;3;30;0;1503;0,547222222;0,158333333
OAS2_0050;OAS2_0050_MR1;Demented;1;0;M;R;71;12;4;20;0.05;1461;0,502777778;0,181944444
OAS2_0050;OAS2_0050_MR2;Demented;2;538;M;R;72;12;4;17;1;1483;0,482638889;0,169444444
OAS2_0051;OAS2_0051_MR1;Nondemented;1;0;F;R;92;23;1;29;0;1454;0,486805556;0,185416667
OAS2_0051;OAS2_0051_MR2;Nondemented;2;457;F;R;94;23;1;29;0;1474;0,483333333;0,173611111
OAS2_0051;OAS2_0051_MR3;Nondemented;3;1526;F;R;97;23;1;30;0;1483;0,478472222;0,169444444
OAS2_0052;OAS2_0052_MR1;Nondemented;1;0;M;R;74;18;2;29;0;1463;0,511805556;0,179861111
OAS2_0052;OAS2_0052_MR2;Nondemented;2;1510;M;R;78;18;2;30;0;1484;0,488194444;0,16875
OAS2_0053;OAS2_0053_MR1;Nondemented;1;0;F;R;82;16;3;29;0;1484;0,527777778;0,16875
OAS2_0053;OAS2_0053_MR2;Nondemented;2;842;F;R;84;16;3;28;0;1500;0,516666667;0,159722222
OAS2_0054;OAS2_0054_MR1;Converted;1;0;F;R;85;18;1;29;0;1264;0,486805556;0,311111111
OAS2_0054;OAS2_0054_MR2;Converted;2;846;F;R;87;18;1;24;0.05;1275;0,474305556;0,302777778
OAS2_0055;OAS2_0055_MR1;Nondemented;1;0;M;R;65;13;3;29;0;1362;0,58125;0,242361111
OAS2_0055;OAS2_0055_MR2;Nondemented;2;726;M;R;67;13;3;27;0;1365;0,574305556;0,239583333
OAS2_0056;OAS2_0056_MR1;Nondemented;1;0;F;R;71;14;2;28;0;1461;0,525;0,181944444
OAS2_0056;OAS2_0056_MR2;Nondemented;2;622;F;R;73;14;2;30;0;1456;0,513194444;0,184027778
OAS2_0057;OAS2_0057_MR1;Nondemented;1;0;F;R;81;12;2;30;0;1599;0,524305556;1.098
OAS2_0057;OAS2_0057_MR2;Nondemented;2;640;F;R;83;12;2;29;0;1569;0,525694444;0,123611111
OAS2_0057;OAS2_0057_MR3;Nondemented;3;1340;F;R;85;12;2;30;0;1580;0,513194444;0,11875
OAS2_0058;OAS2_0058_MR1;Demented;1;0;M;R;78;14;3;30;0.05;1315;0,490972222;0,274305556
OAS2_0058;OAS2_0058_MR2;Demented;2;212;M;R;79;14;3;26;0.05;1308;0,490277778;0,278472222
OAS2_0058;OAS2_0058_MR3;Demented;3;764;M;R;80;14;3;29;0.05;1324;0,482638889;0,268055556
OAS2_0060;OAS2_0060_MR1;Demented;1;0;M;R;75;13;4;29;0.05;1416;0,531944444;0,207638889
OAS2_0060;OAS2_0060_MR2;Demented;2;1290;M;R;78;13;4;28;0.05;1408;0,525694444;0,213194444
OAS2_0061;OAS2_0061_MR1;Nondemented;1;0;M;R;68;18;1;30;0;1654;0,51875;1.061
OAS2_0061;OAS2_0061_MR2;Nondemented;2;873;M;R;70;18;1;30;0;1660;0,5125;1.057
OAS2_0061;OAS2_0061_MR3;Nondemented;3;1651;M;R;72;18;1;30;0;1681;0,50625;1.044
OAS2_0062;OAS2_0062_MR1;Nondemented;1;0;F;R;79;18;2;29;0;1641;0,482638889;1.069
OAS2_0062;OAS2_0062_MR2;Nondemented;2;723;F;R;81;18;2;30;0;1664;0,470138889;1.055
OAS2_0062;OAS2_0062_MR3;Nondemented;3;1351;F;R;83;18;2;29;0;1667;0,477777778;1.053
OAS2_0063;OAS2_0063_MR1;Demented;1;0;F;R;80;12;;30;0.05;1430;0,511805556;0,2
OAS2_0063;OAS2_0063_MR2;Demented;2;490;F;R;81;12;;27;0.05;1453;0,500694444;0,186111111
OAS2_0064;OAS2_0064_MR1;Demented;1;0;F;R;78;8;5;23;1;1462;0,479861111;0,180555556
OAS2_0064;OAS2_0064_MR2;Demented;2;830;F;R;81;8;5;26;0.05;1459;0,481944444;0,182638889
OAS2_0064;OAS2_0064_MR3;Demented;3;1282;F;R;82;8;5;18;0.05;1464;0,473611111;0,179861111
OAS2_0066;OAS2_0066_MR1;Demented;1;0;M;R;61;18;1;30;1;1957;0,509722222;0,622916667
OAS2_0066;OAS2_0066_MR2;Demented;2;497;M;R;62;18;1;30;0.05;1928;0,507638889;0,631944444
OAS2_0067;OAS2_0067_MR1;Nondemented;1;0;M;R;67;12;4;30;0;1440;0,504861111;0,19375
OAS2_0067;OAS2_0067_MR2;Nondemented;2;451;M;R;68;12;4;29;0;1438;0,5125;0,194444444
OAS2_0067;OAS2_0067_MR3;Nondemented;3;1438;M;R;71;12;4;29;0;1455;0,502777778;0,184722222
OAS2_0067;OAS2_0067_MR4;Nondemented;4;2163;M;R;73;12;4;28;0;1444;0,501388889;0,190972222
OAS2_0068;OAS2_0068_MR1;Nondemented;1;0;F;R;88;12;3;30;0;1428;0,486111111;0,200694444
OAS2_0068;OAS2_0068_MR2;Nondemented;2;743;F;R;90;12;3;29;0;1475;0,469444444;0,173611111
OAS2_0069;OAS2_0069_MR1;Nondemented;1;0;F;R;81;18;2;29;0;1470;0,477083333;0,176388889
OAS2_0069;OAS2_0069_MR2;Nondemented;2;432;F;R;82;18;2;30;0;1471;0,479166667;0,175694444
OAS2_0070;OAS2_0070_MR1;Nondemented;1;0;M;R;80;17;1;28;0;1660;0,505555556;1.057
OAS2_0070;OAS2_0070_MR2;Nondemented;2;672;M;R;82;17;1;29;0;1692;0,502083333;1.037
OAS2_0070;OAS2_0070_MR3;Nondemented;3;1415;M;R;84;17;1;29;0;1707;0,497916667;1.028
OAS2_0070;OAS2_0070_MR4;Nondemented;4;1870;M;R;85;17;1;30;0;1724;0,488888889;1.018
OAS2_0070;OAS2_0070_MR5;Nondemented;5;2386;M;R;86;17;1;30;0;1720;0,489583333;1.020
OAS2_0071;OAS2_0071_MR1;Demented;1;0;F;R;83;13;2;27;1;1391;0,489583333;0,223611111
OAS2_0071;OAS2_0071_MR2;Demented;2;365;F;R;84;13;2;28;1;1402;0,482638889;0,216666667
OAS2_0073;OAS2_0073_MR1;Nondemented;1;0;F;R;70;14;3;29;0;1524;0,546527778;0,146527778
OAS2_0073;OAS2_0073_MR2;Nondemented;2;580;F;R;72;14;3;28;0;1512;0,539583333;0,153472222
OAS2_0073;OAS2_0073_MR3;Nondemented;3;1705;F;R;75;14;3;28;0;1507;0,543055556;0,155555556
OAS2_0073;OAS2_0073_MR4;Nondemented;4;2288;F;R;76;14;3;29;0;1490;0,5375;0,165277778
OAS2_0073;OAS2_0073_MR5;Nondemented;5;2517;F;R;77;14;3;29;0;1504;0,534027778;0,157638889
OAS2_0075;OAS2_0075_MR1;Demented;1;0;F;R;73;8;5;25;0.05;1151;0,515972222;0,40625
OAS2_0075;OAS2_0075_MR2;Demented;2;567;F;R;75;8;5;22;0.05;1143;0,514583333;0,413194444
OAS2_0076;OAS2_0076_MR1;Nondemented;1;0;F;R;66;18;2;30;0;1504;0,503472222;0,157638889
OAS2_0076;OAS2_0076_MR2;Nondemented;2;956;F;R;69;18;2;29;0;1536;0,499305556;0,140972222
OAS2_0076;OAS2_0076_MR3;Nondemented;3;1663;F;R;71;18;2;30;0;1520;0,498611111;0,149305556
OAS2_0077;OAS2_0077_MR1;Nondemented;1;0;M;R;69;16;2;28;0;1848;0,511805556;0,659722222
OAS2_0077;OAS2_0077_MR2;Nondemented;2;1393;M;R;73;16;2;29;0;1931;0,501388889;0,63125
OAS2_0078;OAS2_0078_MR1;Nondemented;1;0;M;R;89;16;1;28;0;1631;0,468055556;1.076
OAS2_0078;OAS2_0078_MR2;Nondemented;2;441;M;R;91;16;1;28;0;1640;0,465277778;1.070
OAS2_0078;OAS2_0078_MR3;Nondemented;3;1019;M;R;92;16;1;30;0;1662;0,473611111;1.056
OAS2_0079;OAS2_0079_MR1;Demented;1;0;F;R;69;12;4;23;0.05;1447;0,527083333;0,189583333
OAS2_0079;OAS2_0079_MR2;Demented;2;584;F;R;71;12;4;16;1;1492;0,503472222;0,163888889
OAS2_0079;OAS2_0079_MR3;Demented;3;1435;F;R;73;12;4;16;1;1478;0,483333333;0,172222222
OAS2_0080;OAS2_0080_MR1;Demented;1;0;M;R;66;15;2;25;0.05;1548;0,504861111;0,134722222
OAS2_0080;OAS2_0080_MR2;Demented;2;580;M;R;68;15;2;30;0.05;1556;0,495138889;0,130555556
OAS2_0080;OAS2_0080_MR3;Demented;3;1209;M;R;69;15;2;28;0.05;1546;0,502777778;0,135416667
OAS2_0081;OAS2_0081_MR1;Demented;1;0;F;R;82;12;4;26;0.05;1271;0,482638889;0,30625
OAS2_0081;OAS2_0081_MR2;Demented;2;659;F;R;84;12;4;26;0.05;1273;0,476388889;0,304166667
OAS2_0085;OAS2_0085_MR1;Nondemented;1;0;F;R;78;8;5;29;0;1383;0,525;0,228472222
OAS2_0085;OAS2_0085_MR2;Nondemented;2;670;F;R;80;8;5;27;0;1381;0,521527778;0,229166667
OAS2_0086;OAS2_0086_MR1;Nondemented;1;0;F;R;63;15;2;28;0;1544;0,559027778;0,136111111
OAS2_0086;OAS2_0086_MR2;Nondemented;2;802;F;R;65;15;2;28;0;1542;0,55;0,1375
OAS2_0087;OAS2_0087_MR1;Demented;1;0;F;R;96;17;1;26;1;1465;0,474305556;0,179166667
OAS2_0087;OAS2_0087_MR2;Demented;2;754;F;R;98;17;1;21;2;1503;0,458333333;0,158333333
OAS2_0088;OAS2_0088_MR1;Demented;1;0;M;R;78;12;4;21;1;1477;0,466666667;0,172222222
OAS2_0088;OAS2_0088_MR2;Demented;2;751;M;R;80;12;4;20;1;1494;0,459027778;0,163194444
OAS2_0089;OAS2_0089_MR1;Demented;1;0;M;R;70;12;2;29;0.05;1432;0,480555556;0,197916667
OAS2_0089;OAS2_0089_MR3;Demented;3;563;M;R;72;12;2;27;1;1432;0,475;0,198611111
OAS2_0090;OAS2_0090_MR1;Nondemented;1;0;M;R;73;18;2;29;0;1548;0,536805556;0,134722222
OAS2_0090;OAS2_0090_MR2;Nondemented;2;680;M;R;75;18;2;29;0;1534;0,536111111;0,141666667
OAS2_0090;OAS2_0090_MR3;Nondemented;3;1345;M;R;76;18;2;30;0;1550;0,526388889;0,134027778
OAS2_0091;OAS2_0091_MR1;Nondemented;1;0;M;R;75;12;4;28;0;1511;0,513194444;0,154166667
OAS2_0091;OAS2_0091_MR2;Nondemented;2;1047;M;R;78;12;4;29;0;1506;0,496527778;0,156944444
OAS2_0092;OAS2_0092_MR1;Converted;1;0;F;R;83;12;2;28;0;1383;0,519444444;0,228472222
OAS2_0092;OAS2_0092_MR2;Converted;2;706;F;R;84;12;2;27;0.05;1390;0,505555556;0,224305556
OAS2_0094;OAS2_0094_MR1;Nondemented;1;0;F;R;61;16;1;30;0;1513;0,535416667;0,152777778
OAS2_0094;OAS2_0094_MR2;Nondemented;2;817;F;R;63;16;1;30;0;1449;0,5375;0,188888889
OAS2_0095;OAS2_0095_MR1;Nondemented;1;0;M;R;71;18;1;30;0;1769;0,485416667;0,688888889
OAS2_0095;OAS2_0095_MR2;Nondemented;2;673;M;R;72;18;1;29;0;1785;0,477083333;0,682638889
OAS2_0095;OAS2_0095_MR3;Nondemented;3;1412;M;R;74;18;1;29;0;1814;0,471527778;0,671527778
OAS2_0096;OAS2_0096_MR1;Nondemented;1;0;F;R;89;13;3;29;0;1154;0,520833333;0,403472222
OAS2_0096;OAS2_0096_MR2;Nondemented;2;778;F;R;91;13;3;28;0;1165;0,511111111;0,393055556
OAS2_0097;OAS2_0097_MR1;Nondemented;1;0;M;R;74;16;2;30;0;1611;0,50625;1.089
OAS2_0097;OAS2_0097_MR2;Nondemented;2;1024;M;R;77;16;2;30;0;1628;0,492361111;1.078
OAS2_0098;OAS2_0098_MR1;Demented;1;0;M;R;66;12;4;30;0.05;1446;0,541666667;0,190277778
OAS2_0098;OAS2_0098_MR2;Demented;2;661;M;R;67;12;4;28;0.05;1412;0,54375;0,210416667
OAS2_0099;OAS2_0099_MR1;Demented;1;0;F;R;80;12;;27;0.05;1475;0,529166667;0,173611111
OAS2_0099;OAS2_0099_MR2;Demented;2;807;F;R;83;12;;23;0.05;1484;0,520833333;0,16875
OAS2_0100;OAS2_0100_MR1;Nondemented;1;0;F;R;77;11;4;29;0;1583;0,539583333;0,116666667
OAS2_0100;OAS2_0100_MR2;Nondemented;2;1218;F;R;80;11;4;30;0;1586;0,525694444;0,115972222
OAS2_0100;OAS2_0100_MR3;Nondemented;3;1752;F;R;82;11;4;30;0;1590;0,527777778;0,113888889
OAS2_0101;OAS2_0101_MR1;Nondemented;1;0;F;R;71;18;2;30;0;1371;0,534027778;0,236111111
OAS2_0101;OAS2_0101_MR2;Nondemented;2;952;F;R;74;18;2;30;0;1400;0,522222222;0,218055556
OAS2_0101;OAS2_0101_MR3;Nondemented;3;1631;F;R;76;18;2;30;0;1379;0,525694444;0,23125
OAS2_0102;OAS2_0102_MR1;Demented;1;0;M;R;82;15;3;29;0.05;1499;0,478472222;0,160416667
OAS2_0102;OAS2_0102_MR2;Demented;2;610;M;R;84;15;3;29;0.05;1497;0,476388889;0,161111111
OAS2_0102;OAS2_0102_MR3;Demented;3;1387;M;R;86;15;3;30;0.05;1498;0,472916667;0,160416667
OAS2_0103;OAS2_0103_MR1;Converted;1;0;F;R;69;16;1;30;0;1404;0,520833333;0,215277778
OAS2_0103;OAS2_0103_MR2;Converted;2;1554;F;R;74;16;1;30;0.05;1423;0,501388889;0,203472222
OAS2_0103;OAS2_0103_MR3;Converted;3;2002;F;R;75;16;1;30;0.05;1419;0,507638889;0,205555556
OAS2_0104;OAS2_0104_MR1;Demented;1;0;M;R;70;16;1;25;0.05;1568;0,483333333;0,124305556
OAS2_0104;OAS2_0104_MR2;Demented;2;465;M;R;71;16;1;17;1;1562;0,475694444;0,127083333
OAS2_0105;OAS2_0105_MR1;Nondemented;1;0;M;R;86;12;4;29;0;1783;0,488194444;0,683333333
OAS2_0105;OAS2_0105_MR2;Nondemented;2;675;M;R;87;12;4;30;0;1762;0,498611111;0,691666667
OAS2_0106;OAS2_0106_MR1;Demented;1;0;F;R;70;11;4;22;1;1445;0,501388889;0,190277778
OAS2_0106;OAS2_0106_MR2;Demented;2;729;F;R;72;11;4;21;1;1489;0,476388889;0,165972222
OAS2_0108;OAS2_0108_MR1;Demented;1;0;M;R;77;18;1;25;0.05;1604;0,542361111;1.094
OAS2_0108;OAS2_0108_MR2;Demented;2;883;M;R;79;18;1;27;0.05;1569;0,542361111;0,123611111
OAS2_0109;OAS2_0109_MR1;Nondemented;1;0;M;R;81;11;4;28;0;1750;0,465277778;1.003
OAS2_0109;OAS2_0109_MR2;Nondemented;2;766;M;R;83;11;4;29;0;1744;0,465277778;1.006
OAS2_0111;OAS2_0111_MR1;Demented;1;0;M;R;62;12;4;17;0.05;1525;0,508333333;0,146527778
OAS2_0111;OAS2_0111_MR2;Demented;2;881;M;R;65;12;4;17;0.05;1520;0,485416667;0,149305556
OAS2_0112;OAS2_0112_MR1;Demented;1;0;F;R;76;12;3;27;0.05;1315;0,484722222;0,274305556
OAS2_0112;OAS2_0112_MR2;Demented;2;558;F;R;78;12;3;20;0.05;1339;0,478472222;0,257638889
OAS2_0113;OAS2_0113_MR1;Demented;1;0;F;R;73;13;2;23;0.05;1536;0,503472222;0,140277778
OAS2_0113;OAS2_0113_MR2;Demented;2;504;F;R;75;13;2;28;0.05;1520;0,491666667;0,149305556
OAS2_0114;OAS2_0114_MR1;Demented;1;0;F;R;76;12;;27;0.05;1316;0,504861111;0,272916667
OAS2_0114;OAS2_0114_MR2;Demented;2;570;F;R;78;12;;27;1;1309;0,492361111;0,278472222
OAS2_0116;OAS2_0116_MR1;Demented;1;0;F;R;73;12;3;27;0.05;1425;0,534027778;0,202777778
OAS2_0116;OAS2_0116_MR2;Demented;2;616;F;R;75;12;3;28;0.05;1407;0,534722222;0,213194444
OAS2_0117;OAS2_0117_MR1;Nondemented;1;0;M;R;73;20;2;30;0;1842;0,526388889;0,661805556
OAS2_0117;OAS2_0117_MR2;Nondemented;2;576;M;R;74;20;2;30;0;1806;0,527083333;0,675
OAS2_0117;OAS2_0117_MR3;Nondemented;3;1345;M;R;76;20;2;30;0;1823;0,513194444;0,66875
OAS2_0117;OAS2_0117_MR4;Nondemented;4;1927;M;R;78;20;2;29;0;1826;0,509722222;0,667361111
OAS2_0118;OAS2_0118_MR1;Converted;1;0;F;R;67;14;4;30;0;1508;0,551388889;0,155555556
OAS2_0118;OAS2_0118_MR2;Converted;2;1422;F;R;71;14;4;26;0.05;1529;0,547222222;0,14375
OAS2_0119;OAS2_0119_MR1;Nondemented;1;0;F;R;81;15;2;28;0;1486;0,523611111;0,167361111
OAS2_0119;OAS2_0119_MR2;Nondemented;2;733;F;R;83;15;2;29;0;1482;0,521527778;0,169444444
OAS2_0119;OAS2_0119_MR3;Nondemented;3;1713;F;R;85;15;2;30;0;1488;0,514583333;0,166666667
OAS2_0120;OAS2_0120_MR1;Demented;1;0;F;R;76;14;3;25;1;1409;0,496527778;0,2125
OAS2_0120;OAS2_0120_MR2;Demented;2;595;F;R;78;14;3;15;2;1401;0,486111111;0,217361111
OAS2_0121;OAS2_0121_MR1;Nondemented;1;0;F;R;73;11;4;30;0;1475;0,504166667;0,173611111
OAS2_0121;OAS2_0121_MR2;Nondemented;2;647;F;R;74;11;4;30;0;1517;0,489583333;0,150694444
OAS2_0122;OAS2_0122_MR1;Nondemented;1;0;F;R;86;16;3;30;0;1293;0,51875;0,289583333
OAS2_0122;OAS2_0122_MR2;Nondemented;2;597;F;R;88;16;3;30;0;1295;0,516666667;0,288194444
OAS2_0124;OAS2_0124_MR1;Demented;1;0;M;R;70;16;3;29;0.05;1463;0,520138889;0,180555556
OAS2_0124;OAS2_0124_MR2;Demented;2;472;M;R;71;16;3;27;0.05;1479;0,520833333;0,171527778
OAS2_0126;OAS2_0126_MR1;Nondemented;1;0;F;R;74;12;3;29;0;1344;0,513194444;0,254166667
OAS2_0126;OAS2_0126_MR2;Nondemented;2;472;F;R;75;12;3;29;0;1338;0,51875;0,258333333
OAS2_0126;OAS2_0126_MR3;Nondemented;3;1192;F;R;77;12;3;29;0;1344;0,513888889;0,254166667
OAS2_0127;OAS2_0127_MR1;Converted;1;0;M;R;79;18;1;29;0;1644;0,50625;1.067
OAS2_0127;OAS2_0127_MR2;Converted;2;851;M;R;81;18;1;29;0.05;1654;0,5;1.061
OAS2_0127;OAS2_0127_MR3;Converted;3;1042;M;R;81;18;1;29;0.05;1647;0,497916667;1.066
OAS2_0127;OAS2_0127_MR4;Converted;4;2153;M;R;84;18;1;29;0.05;1668;0,481944444;1.052
OAS2_0127;OAS2_0127_MR5;Converted;5;2639;M;R;86;18;1;30;0.05;1670;0,464583333;1.051
OAS2_0128;OAS2_0128_MR1;Nondemented;1;0;F;R;76;16;1;28;0;1346;0,529166667;0,252777778
OAS2_0128;OAS2_0128_MR2;Nondemented;2;1140;F;R;79;16;1;29;0;1354;0,513194444;0,247916667
OAS2_0129;OAS2_0129_MR1;Nondemented;1;0;F;R;78;18;1;30;0;1440;0,4625;0,19375
OAS2_0129;OAS2_0129_MR2;Nondemented;2;737;F;R;80;18;1;30;0;1436;0,460416667;0,195833333
OAS2_0129;OAS2_0129_MR3;Nondemented;3;1591;F;R;82;18;1;29;0;1442;0,447222222;0,192361111
OAS2_0131;OAS2_0131_MR1;Converted;1;0;F;R;65;12;2;30;0.05;1340;0,523611111;0,25625
OAS2_0131;OAS2_0131_MR2;Converted;2;679;F;R;67;12;2;25;0;1331;0,528472222;0,2625
OAS2_0133;OAS2_0133_MR1;Converted;1;0;F;R;78;12;3;29;0;1475;0,507638889;0,173611111
OAS2_0133;OAS2_0133_MR3;Converted;3;1006;F;R;81;12;3;28;0.05;1495;0,477083333;0,1625
OAS2_0134;OAS2_0134_MR1;Demented;1;0;F;R;70;11;4;29;0.05;1295;0,519444444;0,288194444
OAS2_0134;OAS2_0134_MR2;Demented;2;539;F;R;71;11;4;28;0.05;1284;0,514583333;0,296527778
OAS2_0135;OAS2_0135_MR1;Nondemented;1;0;M;R;74;18;2;30;0;1636;0,472222222;1.073
OAS2_0135;OAS2_0135_MR2;Nondemented;2;1146;M;R;78;18;2;27;0;1645;0,460416667;1.067
OAS2_0137;OAS2_0137_MR1;Demented;1;0;M;R;74;18;2;28;0.05;1659;0,513194444;1.058
OAS2_0137;OAS2_0137_MR2;Demented;2;636;M;R;75;18;2;30;0.05;1651;0,511805556;1.063
OAS2_0138;OAS2_0138_MR1;Nondemented;1;0;F;R;73;16;2;29;0;1123;0,545833333;0,432638889
OAS2_0138;OAS2_0138_MR2;Nondemented;2;846;F;R;75;16;2;28;0;1106;0,532638889;0,449305556
OAS2_0139;OAS2_0139_MR1;Demented;1;0;F;R;67;16;1;29;0.05;1337;0,531944444;0,258333333
OAS2_0139;OAS2_0139_MR2;Demented;2;403;F;R;68;16;1;29;0.05;1344;0,509027778;0,253472222
OAS2_0140;OAS2_0140_MR1;Demented;1;0;F;R;76;16;3;26;0.05;1391;0,489583333;0,223611111
OAS2_0140;OAS2_0140_MR2;Demented;2;793;F;R;78;16;3;27;0.05;1393;0,479166667;0,222222222
OAS2_0140;OAS2_0140_MR3;Demented;3;1655;F;R;81;16;3;25;0.05;1396;0,477083333;0,220138889
OAS2_0141;OAS2_0141_MR1;Nondemented;1;0;F;R;65;18;2;30;0;1277;0,563888889;0,301388889
OAS2_0141;OAS2_0141_MR2;Nondemented;2;1022;F;R;68;18;2;29;0;1290;0,552083333;0,292361111
OAS2_0142;OAS2_0142_MR1;Nondemented;1;0;F;R;69;16;3;29;0;1380;0,56875;0,230555556
OAS2_0142;OAS2_0142_MR2;Nondemented;2;665;F;R;71;16;3;28;0;1390;0,5625;0,223611111
OAS2_0143;OAS2_0143_MR1;Nondemented;1;0;F;R;89;18;2;30;0;1715;0,518055556;1.023
OAS2_0143;OAS2_0143_MR2;Nondemented;2;561;F;R;91;18;2;30;0;1714;0,514583333;1.024
OAS2_0143;OAS2_0143_MR3;Nondemented;3;1553;F;R;93;18;2;29;0;1744;0,502083333;1.006
OAS2_0144;OAS2_0144_MR1;Converted;1;0;M;R;77;16;1;30;0;1704;0,497222222;1.030
OAS2_0144;OAS2_0144_MR2;Converted;2;683;M;R;79;16;1;30;0.05;1722;0,491666667;1.019
OAS2_0145;OAS2_0145_MR1;Converted;1;0;F;R;68;16;3;30;0;1298;0,554861111;0,286111111
OAS2_0145;OAS2_0145_MR2;Converted;2;1707;F;R;73;16;3;29;0.05;1287;0,535416667;0,294444444
OAS2_0146;OAS2_0146_MR1;Demented;1;0;F;R;80;15;2;20;1;1732;0,475694444;1.013
OAS2_0146;OAS2_0146_MR2;Demented;2;525;F;R;82;15;2;20;1;1729;0,484722222;1.015
OAS2_0147;OAS2_0147_MR1;Nondemented;1;0;F;R;77;13;2;29;0;1351;0,534027778;0,249305556
OAS2_0147;OAS2_0147_MR2;Nondemented;2;440;F;R;78;13;2;29;0;1334;0,534027778;0,261111111
OAS2_0147;OAS2_0147_MR3;Nondemented;3;1204;F;R;80;13;2;28;0;1337;0,529166667;0,259027778
OAS2_0147;OAS2_0147_MR4;Nondemented;4;1806;F;R;82;13;2;30;0;1342;0,51875;0,254861111
OAS2_0149;OAS2_0149_MR1;Nondemented;1;0;F;R;81;13;2;29;0;1345;0,511805556;0,253472222
OAS2_0149;OAS2_0149_MR2;Nondemented;2;674;F;R;83;13;2;30;0;1335;0,508333333;0,259722222
OAS2_0150;OAS2_0150_MR1;Demented;1;0;F;R;73;12;3;30;0.05;1343;0,5;0,254166667
OAS2_0150;OAS2_0150_MR2;Demented;2;518;F;R;75;12;3;27;1;1357;0,495833333;0,245138889
OAS2_0152;OAS2_0152_MR1;Nondemented;1;0;F;R;66;18;2;29;0;1191;0,545138889;0,370833333
OAS2_0152;OAS2_0152_MR2;Nondemented;2;790;F;R;68;18;2;29;0;1194;0,536111111;0,367361111
OAS2_0152;OAS2_0152_MR3;Nondemented;3;1329;F;R;69;18;2;29;0;1202;0,534722222;0,361805556
OAS2_0154;OAS2_0154_MR1;Nondemented;1;0;F;R;75;18;1;29;0;1436;0,520833333;0,195833333
OAS2_0154;OAS2_0154_MR2;Nondemented;2;791;F;R;77;18;1;28;0;1559;0,495138889;0,128472222
OAS2_0156;OAS2_0156_MR1;Nondemented;1;0;F;R;78;18;1;30;0;1243;0,519444444;0,327777778
OAS2_0156;OAS2_0156_MR2;Nondemented;2;777;F;R;81;18;1;30;0;1256;0,513194444;0,318055556
OAS2_0157;OAS2_0157_MR1;Demented;1;0;F;R;73;12;2;19;1;1274;0,505555556;0,303472222
OAS2_0157;OAS2_0157_MR2;Demented;2;764;F;R;75;12;2;18;1;1479;0,45625;0,171527778
OAS2_0158;OAS2_0158_MR1;Nondemented;1;0;F;R;73;15;4;29;0;1272;0,484027778;0,305555556
OAS2_0158;OAS2_0158_MR2;Nondemented;2;1399;F;R;76;15;4;29;0;1281;0,472222222;0,298611111
OAS2_0159;OAS2_0159_MR1;Demented;1;0;F;R;73;14;3;29;0.05;1238;0,525694444;0,331944444
OAS2_0159;OAS2_0159_MR2;Demented;2;759;F;R;76;14;3;28;0.05;1236;0,530555556;0,332638889
OAS2_0160;OAS2_0160_MR1;Demented;1;0;M;R;76;12;;27;0.05;1557;0,489583333;0,129861111
OAS2_0160;OAS2_0160_MR2;Demented;2;552;M;R;78;12;;29;1;1569;0,488888889;0,124305556
OAS2_0161;OAS2_0161_MR1;Nondemented;1;0;M;R;77;16;1;29;0;1818;0,509722222;0,670138889
OAS2_0161;OAS2_0161_MR2;Nondemented;2;454;M;R;79;16;1;30;0;1817;0,511111111;0,670833333
OAS2_0161;OAS2_0161_MR3;Nondemented;3;1033;M;R;80;16;1;29;0;1830;0,502777778;0,665972222
OAS2_0162;OAS2_0162_MR1;Demented;1;0;M;R;82;14;2;23;0.05;1514;0,470833333;0,152083333
OAS2_0162;OAS2_0162_MR2;Demented;2;621;M;R;84;14;2;22;0.05;1550;0,461805556;0,133333333
OAS2_0164;OAS2_0164_MR1;Demented;1;0;M;R;77;20;1;23;1;1713;0,525;1.024
OAS2_0164;OAS2_0164_MR2;Demented;2;580;M;R;79;20;1;25;2;1710;0,527777778;1.026
OAS2_0165;OAS2_0165_MR1;Demented;1;0;M;R;78;12;3;23;1;1491;0,493055556;0,164583333
OAS2_0165;OAS2_0165_MR2;Demented;2;736;M;R;80;12;3;17;1;1755;0,483333333;1.000
OAS2_0169;OAS2_0169_MR1;Nondemented;1;0;F;R;71;18;1;30;0;1426;0,507638889;0,202083333
OAS2_0169;OAS2_0169_MR2;Nondemented;2;691;F;R;73;18;1;30;0;1414;0,513194444;0,209027778
OAS2_0171;OAS2_0171_MR1;Nondemented;1;0;M;R;76;16;3;30;0;1832;0,534027778;0,665277778
OAS2_0171;OAS2_0171_MR2;Nondemented;2;493;M;R;77;16;3;30;0;1820;0,533333333;0,669444444
OAS2_0171;OAS2_0171_MR3;Nondemented;3;1695;M;R;81;16;3;30;0;1836;0,516666667;0,663888889
OAS2_0172;OAS2_0172_MR1;Demented;1;0;M;R;75;16;1;30;0.05;1891;0,492361111;0,644444444
OAS2_0172;OAS2_0172_MR2;Demented;2;1212;M;R;79;16;1;29;0.05;1899;0,486111111;0,641666667
OAS2_0174;OAS2_0174_MR1;Nondemented;1;0;M;R;60;12;4;30;0;1379;0,559722222;0,23125
OAS2_0174;OAS2_0174_MR2;Nondemented;2;695;M;R;62;12;4;30;0;1378;0,552083333;0,231944444
OAS2_0174;OAS2_0174_MR3;Nondemented;3;1555;M;R;64;12;4;30;0;1370;0,551388889;0,236805556
OAS2_0175;OAS2_0175_MR1;Demented;1;0;M;R;70;16;4;26;0.05;1796;0,515277778;0,678472222
OAS2_0175;OAS2_0175_MR2;Demented;2;700;M;R;72;16;4;28;0.05;1796;0,508333333;0,678472222
OAS2_0175;OAS2_0175_MR3;Demented;3;1343;M;R;73;16;4;28;0.05;1803;0,507638889;0,675694444
OAS2_0176;OAS2_0176_MR1;Converted;1;0;M;R;84;16;2;30;0;1404;0,493055556;0,215277778
OAS2_0176;OAS2_0176_MR2;Converted;2;774;M;R;87;16;2;30;0;1398;0,483333333;0,21875
OAS2_0176;OAS2_0176_MR3;Converted;3;1631;M;R;89;16;2;30;0.05;1408;0,471527778;0,2125
OAS2_0177;OAS2_0177_MR1;Nondemented;1;0;M;R;68;14;3;26;0;1444;0,540277778;0,191666667
OAS2_0177;OAS2_0177_MR2;Nondemented;2;665;M;R;70;14;3;28;0;1510;0,534722222;0,154166667
OAS2_0178;OAS2_0178_MR1;Nondemented;1;0;F;R;89;14;2;29;0;1509;0,525;0,154861111
OAS2_0178;OAS2_0178_MR2;Nondemented;2;600;F;R;90;14;2;28;0;1495;0,518055556;0,1625
OAS2_0178;OAS2_0178_MR3;Nondemented;3;1447;F;R;93;14;2;30;0;1488;0,510416667;0,165972222
OAS2_0179;OAS2_0179_MR1;Demented;1;0;M;R;79;20;1;26;0.05;1548;0,49375;0,134722222
OAS2_0179;OAS2_0179_MR2;Demented;2;652;M;R;81;20;1;26;0.05;1556;0,479861111;0,130555556
OAS2_0181;OAS2_0181_MR1;Demented;1;0;F;R;74;12;;26;0.05;1171;0,509027778;0,388194444
OAS2_0181;OAS2_0181_MR2;Demented;2;539;F;R;75;12;;;1;1169;0,515277778;0,389583333
OAS2_0181;OAS2_0181_MR3;Demented;3;1107;F;R;77;12;;;1;1159;0,509027778;0,399305556
OAS2_0182;OAS2_0182_MR1;Demented;1;0;M;R;73;12;;23;0.05;1661;0,484722222;1.056
OAS2_0182;OAS2_0182_MR2;Demented;2;776;M;R;75;12;;20;0.05;1654;0,483333333;1.061
OAS2_0183;OAS2_0183_MR1;Nondemented;1;0;F;R;66;13;2;30;0;1495;0,518055556;0,1625
OAS2_0183;OAS2_0183_MR2;Nondemented;2;182;F;R;66;13;2;30;0;1506;0,513888889;0,15625
OAS2_0183;OAS2_0183_MR3;Nondemented;3;732;F;R;68;13;2;30;0;1506;0,513888889;0,15625
OAS2_0183;OAS2_0183_MR4;Nondemented;4;2107;F;R;72;13;2;30;0;1510;0,502083333;0,154166667
OAS2_0184;OAS2_0184_MR1;Demented;1;0;F;R;72;16;3;24;0.05;1354;0,509027778;0,247222222
OAS2_0184;OAS2_0184_MR2;Demented;2;553;F;R;73;16;3;21;1;1351;0,491666667;0,249305556
OAS2_0185;OAS2_0185_MR1;Demented;1;0;M;R;80;16;1;28;0.05;1704;0,49375;1.030
OAS2_0185;OAS2_0185_MR2;Demented;2;842;M;R;82;16;1;28;0.05;1693;0,481944444;1.037
OAS2_0185;OAS2_0185_MR3;Demented;3;2297;M;R;86;16;1;26;0.05;1688;0,46875;1.040
OAS2_0186;OAS2_0186_MR1;Nondemented;1;0;F;R;61;13;2;30;0;1319;0,55625;0,271527778
OAS2_0186;OAS2_0186_MR2;Nondemented;2;763;F;R;63;13;2;30;0;1327;0,552777778;0,265972222
OAS2_0186;OAS2_0186_MR3;Nondemented;3;1608;F;R;65;13;2;30;0;1333;0,55625;0,261805556
